{
  "failure_rate": 1.0,
  "success_rate": 0.0,
  "failure_reasons": {
    "User base collapse": 8326,
    "Insolvency": 1673,
    "Regulatory shutdown": 1
  },
  "avg_failure_month": 15.6584,
  "critical_factors": {
    "crypto_adoption_rate": {
      "mean": 0.2872656312793568,
      "std": 0.15922801383233845,
      "min": 0.0015773183732101053,
      "max": 0.86885269198519
    },
    "regulatory_favorability": {
      "mean": 0.7147338976320595,
      "std": 0.1588084863290072,
      "min": 0.08948773789899238,
      "max": 0.9966154327368251
    },
    "competition_intensity": {
      "mean": 0.49912610593222045,
      "std": 0.18999848282072648,
      "min": 0.02558967252878198,
      "max": 0.9724638319788267
    },
    "user_churn_rate": {
      "mean": 0.2004832759243815,
      "std": 0.1203741819650888,
      "min": 0.00134253342030655,
      "max": 0.7194130532545557
    },
    "lending_default_rate": {
      "mean": 0.03999506455303141,
      "std": 0.027477134118616974,
      "min": 0.00040215260507669705,
      "max": 0.21544003002225284
    },
    "fee_compression": {
      "mean": 0.20033838798654596,
      "std": 0.11886245370676857,
      "min": 0.0014704258943935577,
      "max": 0.8183874445279594
    }
  },
  "total_simulations": 10000
}